{
  "sections": [
    {
      "type": "document-banner",
      "enabled": true
    },
    {
      "type": "breadcrumbs",
      "enabled": true
    },
    {
      "type": "page-title"
    },
    {
      "type": "category-retail",
      "enabled": true,
      "sort": "sales"
    },
    {
      "type": "document-description",
      "enabled": true
    },
    {
      "type": "collection-shelf",
      "shuffle": true,
      "collection_id": "5d09311d24607a6a42d714ca"
    },
    {
      "type": "collection-shelf",
      "shuffle": true,
      "collection_id": "5deaa397cea1b26d087dc20a"
    }
  ]
}