{
  "marketing_stripe": {
    "text": "💛 HOJE TEM FRETE GRÁTIS (COMPRAS A PARTIR DE 99)",
    "link": "",
    "background": "#0a59a8",
    "color": "#ffffff"
  },
  "contacts_stripe": {
    "pages": [
      {
        "title": "CONTATOS",
        "link": "https://www.emporiotiasonia.com.br/pages/contato"
      },
      {
        "title": "ACOMPANHAR PEDIDO",
        "link": "https://www.emporiotiasonia.com.br/acompanhar-pedido"
      }
    ],
    "phone_wpp": false,
    "socials": false
  },
  "categories_list": {
    "featured": [
      "/kits-tia-sonia?Kits Tia Sônia",
      "/granola-tia-sonia?Granolas",
      "/integral-col?Integral",
      "/vegano-col?Vegano",
      "/snacks?Snacks",
      "/bebidas-em-po?Bebidas",
      "/cookies?Cookies",
      "/cafe-colheita-das-alegrias?Café Orgânico",
      "/pipocas-sinta?Pipocas Sinta+"
    ],
    "random": 0,
    "full_width": true
  },
  "search_input": true
}