{
  "meta_title": "Tia Sônia - Faz bem mais feliz!",
  "meta_description": "Alimentos Tia Sônia. Para um mundo com fome de viver, somos alimento pro corpo e pra alma. Faz bem mais feliz! ",
  "sections": [
    {
      "type": "banner-slider",
      "autoplay": 0,
      "slides": [
        {
          "start": "2021-01-15T14:44:22.575Z",
          "end": "",
          "img": "/img/uploads/low-carb-lancamento-tiasonia-pc.jpg",
          "link": "https://www.emporiotiasonia.com.br/low-carb",
          "alt": "Low",
          "mobile_img": "/img/uploads/low-carb-lancamento-tiasonia.jpg"
        }
      ]
    },
    {
      "type": "collection-shelf",
      "shuffle": true,
      "collection_id": "5f43fb1bf023684cdbdc7aee:collections:Novidades da Tia Sônia:/novidades-da-tia-sonia",
      "title": "Acabamos de Lançar!",
      "sort": "sales"
    },
    {
      "type": "collection-shelf",
      "shuffle": false,
      "collection_id": "5fa09652b2161709fa47b105",
      "sort": "sales"
    },
    {
      "type": "responsive-banner",
      "link": "https://docs.google.com/forms/d/e/1FAIpQLSd0D_JwA36qSMeSArUjFZMWvjBpV3FuKQM5gpIQJwcNK8D9ig/viewform",
      "alt": "parceiros",
      "img": "/img/uploads/01-1920x500-parceiro-02-min.jpg"
    },
    {
      "type": "collection-shelf",
      "shuffle": false,
      "collection_id": "5f9c2780b2161709fa46a603",
      "sort": "sales"
    },
    {
      "type": "custom-html",
      "html": "<h4 class=\"products-carousel__title\"><a target=\"_blank\" href=\"https://certificados.trustvox.com.br/emporiotiasonia\">Milhares de clientes já provaram os Produtos Tia Sônia, confira algumas opiniões.</a></h4>"
    },
    {
      "type": "custom-html",
      "html": "<!-- Trustvox -->\n<script type=\"text/javascript\" src=\"//colt.trustvox.com.br/colt.min.js\"></script><script>var _trustvox_colt = _trustvox_colt || [];_trustvox_colt.push(['_storeId', '85317'], ['_limit', '9']);</script>\n<!-- /Trustvox -->\n<div id=\"_trustvox_colt\"></div>"
    },
    {
      "type": "collection-shelf",
      "shuffle": false,
      "collection_id": "5dfb92855cdf932a9836d9ac",
      "sort": "sales",
      "title": "Faz bem + Feliz!"
    },
    {
      "type": "custom-html",
      "html": "<h1 style=\"\n    text-align: center;\n    color: #aaaa;\n\">Conheça a história da melhor Granola do Brasil!</h1>"
    },
    {
      "type": "responsive-banner",
      "img": "/img/uploads/tstorytiasonia.jpg",
      "alt": "História de Tia Sônia",
      "link": "http://www.tiasonia.com.br/pt-br/sobre"
    }    
  ]
}
