{
  "assetsByChunkName": {
    "vendors~app-account~app-confirmation~app-order": [
      "chunk.69eac760ef6740ee3073.js",
      "chunk.69eac760ef6740ee3073.js.map"
    ],
    "vendors~app-account~app-checkout": [
      "chunk.934f5786d0ad8f304525.js",
      "chunk.934f5786d0ad8f304525.js.map"
    ],
    "vendors~app-cart~app-checkout": [
      "chunk.a8a058726a71fb2a4630.js",
      "chunk.a8a058726a71fb2a4630.js.map"
    ],
    "admin": [
      "admin.08829c546b81ba3fcaa5.js",
      "admin.08829c546b81ba3fcaa5.js.map"
    ],
    "app-account": [
      "chunk.fd6d08f129958c65375d.js",
      "chunk.fd6d08f129958c65375d.js.map"
    ],
    "app-cart": [
      "chunk.8971df6e9ac2feda0692.js",
      "chunk.8971df6e9ac2feda0692.js.map"
    ],
    "app-checkout": [
      "chunk.2f71fc4e17f9847c1cfe.js",
      "chunk.2f71fc4e17f9847c1cfe.js.map"
    ],
    "app-confirmation": [
      "chunk.69b46b55a7397bf2fefb.js",
      "chunk.69b46b55a7397bf2fefb.js.map"
    ],
    "app-order": [
      "chunk.2158a45055ca9aa2cd9c.js",
      "chunk.2158a45055ca9aa2cd9c.js.map"
    ],
    "checkout": [
      "checkout.4741def3a84557509800.js",
      "checkout.4741def3a84557509800.js.map"
    ],
    "storefront": [
      "storefront.92514f4a259fc74ea873.css",
      "storefront.c575382819392e5220e8.js",
      "storefront.92514f4a259fc74ea873.css.map",
      "storefront.c575382819392e5220e8.js.map"
    ]
  }
}